"","p.value","HR","Low 95%CI","High 95%CI"
"FERMT3",7.22915996773451e-06,2.44995383147066,1.65639348443045,3.62370042671453
"GLG1",0.131792892092916,1.44478278348848,0.895317707560488,2.33145985367847
"S100A4",6.3235904004685e-05,1.46105072965149,1.21335761712636,1.75930756479757
"RNF135",0.362046936682514,1.21969513038143,0.795760955100086,1.86947625608128
"ACPP",0.0874504936484966,1.17724665266657,0.976322595318352,1.41952023630338
"FMN1",0.0729220396509564,1.45588825280216,0.965697672914227,2.19490081015821
"ASB2",0.000112113799282949,2.70595918088891,1.63290685029995,4.48415969795945
"MSN",0.00379261967531342,2.43192034688301,1.33243913591872,4.43865420502356
"VSIG4",0.712018871031425,1.02562445482081,0.896697861672493,1.17308802361199
"SAT1",0.00751616403717134,1.30369216063226,1.0733109922154,1.58352356588267
"HCK",0.0012612067261908,1.30955162871931,1.11156537479485,1.54280216635743
"WBP1L",0.0268414490464409,2.19278221845597,1.09421072960222,4.39430333435377
"SEC14L1",0.0273791072008737,1.7505785663429,1.06445910405213,2.87895073213549
"SLC6A6",0.012675242705664,1.59009708685573,1.10421115655471,2.28978735690016
"TMCC3",0.773408174289246,1.06158898267882,0.70674487578515,1.5945940420057
"C3",0.237394186363842,1.33131028597326,0.82817007054954,2.14012452341114
"GIMAP4",0.592772283083325,1.04071048617053,0.899126897975394,1.20458893896304
"GPRIN3",0.0884809208316164,1.23517140965389,0.96869763562562,1.57494800763197
"TRIM26",0.00946281710441786,2.26135625786726,1.22097150395952,4.18824854504137
"CDC42EP2",0.426374546920451,1.14130985785032,0.824054634235329,1.5807061055303
"KCTD5",0.00789078276922351,2.03802427012002,1.20529325676033,3.44608492771495
"SLC2A9",0.147284204890058,1.22006217522603,0.932297147370595,1.5966494326573
"GPR65",0.200862863375406,1.16091965452446,0.923646164660418,1.45914582426344
"SLC12A4",0.11238141985008,1.40690612745476,0.923044800929414,2.14440821233889
"DEGS1",0.0386522870706738,1.80101720857447,1.03117752337667,3.14559124112767
"LYST",0.049247938667621,0.822454424697616,0.67686676951807,0.999356610734939
"SDCBP",0.961804758522251,0.99103555907739,0.685539297088965,1.4326698462457
"PREX1",0.00331758957886801,1.69211705234632,1.19116928542833,2.40373904353287
"LMNTD2",0.0139319172570735,2.01210200946556,1.15245750507467,3.51297508035497
"SULT1B1",0.831613448723139,0.975983372300219,0.780057875860409,1.22111906370517
"YPEL2",0.271135846138272,0.785337961625705,0.510677255837772,1.20772113290736
"SYK",0.00891164002533002,1.64998943630394,1.13371463777371,2.40136719524124
"RAPH1",0.785714399728807,0.860345053324928,0.290892294715485,2.5445624522459
"CARD16",0.00566898718850966,1.39524661217985,1.10195795859834,1.76659471771092
"MYOF",0.00240137875352354,1.25919989397076,1.08508922698553,1.46124791726194
"ZNF703",0.396125197706143,1.11748598368904,0.864599571863727,1.44433904940482
"RAB31",0.0146846479886069,1.19503675477543,1.03567936540884,1.37891406642096
"CXCR2",0.00923127734698656,1.32023179625017,1.07106997823993,1.62735585091669
"IL13RA1",0.128777080366766,1.13527943722893,0.963831277532867,1.33722512501767
"MICAL1",0.0212593258367148,1.37754778204492,1.04890951868842,1.80915308518673
"STARD8",0.00468733479361809,1.45254498355273,1.12138697179924,1.88149762954616
"ZSWIM6",0.860662147546334,1.03144780375956,0.729955950088905,1.45746407266197
"SLC2A6",0.109719369086907,1.18999224515784,0.961552017267457,1.47270404315726
"NECAP2",0.0042635570955779,2.6197338173744,1.35338523533728,5.0709916841857
"LILRB4",0.0013097742618239,1.25620126679237,1.09306917471256,1.44367955770569
"TMBIM6",0.0273449549848759,2.29400317433349,1.09723133695519,4.79611763409471
"FCGR1A",0.287974082468077,1.11781016820695,0.910230273291362,1.37272908714485
"SNTB2",0.905268310776409,1.02357158018874,0.697398026051565,1.50229673820815
"KCTD21",0.28123173939708,1.39820102871442,0.759964855935181,2.57244279315043
"CD86",0.0389096829781215,1.15779364255694,1.00748991899081,1.33052062703319
"OSTF1",0.23322947270676,1.22568776805423,0.877141835634598,1.71273384044082
"ADPRH",0.718455858959863,1.05653410587474,0.78350565366873,1.42470486543354
"MARCO",0.263379491324413,1.09470310015585,0.934185306669577,1.28280210460932
"CLEC4A",0.13949578428729,1.11994227353036,0.963702938438691,1.30151174808331
"HELZ2",0.00155938339249578,1.52304621296009,1.1735688422334,1.97659454080048
"NUDT16",0.0163883198351692,1.41941323493011,1.06634247546461,1.88938730084527
"FUCA1",0.0112219641642039,1.48100244788254,1.09326530092834,2.00625433622709
"FOS",0.594115594989948,0.952713307106637,0.797231228174005,1.1385186799782
"SGK1",0.325375427157391,1.10435136296222,0.906146948706265,1.34590966136096
"SPINT1",0.0123035234004841,1.28161115569971,1.05533138177657,1.55640889940076
"IL1R2",0.00109532603139467,1.24329204180446,1.09093344561359,1.41692887630272
"ZNF438",0.343640468478112,0.870027002002952,0.652207613375786,1.16059207020957
"C6orf47",0.00579091448195582,2.36809749690241,1.28371275161345,4.36848956106971
"IRAK1",4.37592684477972e-05,2.47851749806783,1.60375562485951,3.83041461741815
"KIF21B",0.0090543139473244,1.52218065694006,1.11030963789334,2.08683584586253
"LIPN",0.513412863441579,1.07288365159541,0.868809179565676,1.32489314907576
"CDC42EP3",0.0018339982692385,1.39162050988189,1.13042723312219,1.71316435660799
"KIAA0040",0.0445263611294528,1.44370877822966,1.00902162148833,2.06565943875712
"PITPNC1",0.715782484537496,1.07296340633247,0.734422043876667,1.56755979879318
"THBS1",0.001866901336866,1.19986440405196,1.06972481848696,1.34583639009822
"SOAT1",0.454096741951783,1.15045284255104,0.797084390435669,1.66047881355492
"ARHGEF40",0.815556888863162,0.969669966269248,0.748571777329328,1.25607172479727
"DESI1",8.53124652874632e-05,2.46507790647468,1.5716864926377,3.86629847202634
"RAB29",0.000769431642920397,1.79292101415447,1.27588019214913,2.51948872846907
"ARNTL",0.281041645757808,1.16668422408757,0.881495799214035,1.54413904178382
"IGSF6",0.229982338130265,1.11101377283914,0.935558349177403,1.31937425872323
"IL6R",0.0250161100305192,1.47468137652789,1.0499436309807,2.07123992003925
"OPRL1",0.00510930705518648,1.96301399599565,1.22429252530635,3.14746996230381
"ZFAND5",0.247795120611529,0.777251550514675,0.506952513593117,1.19166974534885
"GPCPD1",0.58901801551208,1.10723481170702,0.765148968847703,1.60226175316184
"KCNE3",0.964301467450229,1.00571696853642,0.7835324969535,1.29090576936482
"TLDC2",0.0331445327749463,1.21258798733235,1.01553435612827,1.44787777798922
"LYNX1",0.0209124651752921,1.66239604936942,1.07997193933144,2.55891891660615
"IL31RA",0.0633175617220474,1.35250002680755,0.983389465483691,1.86015448275591
"NID1",0.835822300709652,0.985679747162865,0.859988757738869,1.12974100559354
"RHBDF2",0.000143319026097027,1.63789671398855,1.27007883049358,2.1122355410427
"ADAMTSL4",0.428599582407472,1.08381042456222,0.887992910483692,1.32280902529944
"MED29",0.000492342158611522,5.69150274221251,2.14029544201308,15.1349214826831
"P2RY2",0.0661585026576465,0.842531235023606,0.701788085229545,1.01150033312153
"OTUD1",0.335056516521787,1.14880634400188,0.866468635835088,1.52314343697739
"TNFRSF8",0.146651629122954,1.27013952531501,0.919637749641619,1.75422813428017
"GPR84",0.773555644636717,1.04150173684655,0.789518143851203,1.37390872686368
"IQGAP1",0.634633143434029,1.06265226470841,0.827073909913768,1.36533122633216
"GNA14",0.414554464512535,1.20287971659406,0.771814134238604,1.87469955317779
"CAPN1",0.000713481594306075,2.40639254611984,1.4471283880989,4.00152822212853
"RNF166",0.118582775053135,1.31826822785591,0.931762032549695,1.86510188209636
"FAR1",0.649387954285061,1.09574302523905,0.738776681220792,1.62519040987596
"AIM2",0.014221746655512,1.33983168437088,1.06042215779577,1.69286253521482
"ID2",0.0736219300905089,1.17044297998486,0.985068262656607,1.39070237193642
"ALOX5AP",0.026397870437853,1.16934034680865,1.01851274570808,1.34250342220703
"CD36",0.0540631342502966,1.13308801624799,0.997820817231269,1.28669239045074
"ARF6",0.0028608854752757,2.04435282624656,1.2777889690324,3.27078929265381
"CSF2RA",0.180023722967399,1.14243649652888,0.940343360746052,1.38796231577122
"PTK2B",0.0168497109225363,1.73543943595476,1.10426900018652,2.72736990294778
"CAPN3",0.249067275928813,0.755201260639061,0.468505794890095,1.2173359439548
"ABAT",0.501861956395374,1.18943387781238,0.716900348429246,1.97343041161517
"PATL1",0.0612304728668629,1.86651321210817,0.971042607523235,3.58776385709831
"STAT2",0.334216438585648,1.26614874445888,0.78428589669938,2.04406664692235
"PGAM1",0.0241304185950261,1.46539676206319,1.05127405278688,2.0426525933677
"CLCN5",1.18195638136017e-05,1.93572257167664,1.44049755118517,2.60119975311
"CXCL16",0.0555463701759615,1.17724506881234,0.996139264196961,1.39127730615078
"DPEP2",0.336959925421805,1.15421515442363,0.861281978047283,1.54677870506659
"TRAFD1",0.200575573202898,1.50691677998533,0.80422329548351,2.8235916499237
"CD55",0.436148605779159,0.869584449224633,0.611735879841335,1.23611698978559
"WSB2",0.140503737238533,1.47220316581424,0.880258332929012,2.46221146719694
"BRAT1",0.0904944907203479,1.38969050371201,0.949387806306439,2.03419475506091
"CDC42EP1",0.00583065438865761,1.3509991086809,1.09088012580561,1.67314313321885
"HTR7",0.000148174715515803,1.5085434313466,1.21988324447135,1.86550909242563
"CSK",3.0680547270886e-05,2.52568931063859,1.63373104889068,3.90462463096698
"SLC2A3",0.300130404947999,0.905775082159341,0.751140390978343,1.09224388584958
"DPYSL2",0.0233376794984804,1.23471669585197,1.02903861618983,1.48150447906453
"S100A12",0.0594377665459688,1.08160566076203,0.996882607003181,1.17352915696795
"MPEG1",0.0189415674161793,1.11056564414434,1.01743189026842,1.21222468231101
"ITGAX",0.000129004012494174,1.35682263304242,1.16058389028584,1.58624264298788
"SPG21",0.0152603276450486,1.87412382197529,1.12828170045323,3.11299926134083
"FGD4",0.0550466897054367,1.19249720054268,0.996203022746989,1.42746964306622
"MS4A4A",0.00855202866374967,1.20491828878419,1.0486074161511,1.38452967267345
"SH3BP1",0.000198344528254329,1.77214115572827,1.31102434210736,2.39544314698067
"GPR35",0.00862570319393105,1.51773642714832,1.11169346910687,2.07208545008687
"CCIN",0.650400420042048,1.11731947868392,0.691554472055496,1.80521255792896
"ARHGAP30",0.000547028870827436,2.01628273642435,1.35476705021503,3.00080819987288
"SNX24",0.140215300674831,1.33152992506449,0.910151344732928,1.94799683767154
"LCP1",0.047924283528792,1.39470323641678,1.0030446542056,1.93929264217255
"LILRA2",0.0156276371396179,1.25488431481087,1.04390662482949,1.50850143691307
"DUSP1",0.900111477933249,1.01362797323205,0.820514523074046,1.25219193472557
"GABBR1",0.905256389438069,1.00923488637138,0.867464896163629,1.17417437912891
"RIN3",0.00855682451533124,1.67071610400103,1.13957275318178,2.44942000620397
"CLEC7A",0.0365616847601668,1.12951386079721,1.00764057685148,1.26612761637631
"CATIP",0.256250656207281,1.83940851132353,0.642304505707556,5.26763184979109
"KLK1",0.13611321464269,1.39045378256419,0.901363688610865,2.14492967253504
"RAP2B",0.76766076892622,1.07445464034106,0.667239884277337,1.73019149687191
"SERPINB8",0.259340075984714,0.898872119920487,0.746864812349498,1.0818170499004
"FGL2",0.0851787621506677,1.10408185132026,0.986371457596879,1.23583942441385
"ZNF467",0.0795458297888948,1.21504973331075,0.977305299575774,1.51062912997543
"VNN2",0.0375321901672402,1.14800510927404,1.0079926476674,1.30746561889027
"CD163L1",0.619668917159625,1.16160206317446,0.642903952836899,2.0987883916674
"COTL1",0.00284763149331159,1.35141295125718,1.10885648986556,1.64702734891064
"AOAH",0.336006818216155,0.925341730146281,0.79004666069075,1.08380600811789
"CHP1",0.221052821845504,1.30464638385691,0.85215078045335,1.99741903188233
"EGR2",0.0216601919500621,1.26766045715415,1.03534651900601,1.55210164436062
"WAS",5.56917459402954e-05,2.20677005482863,1.50171657985184,3.24284498168675
"SYTL3",0.200757887232918,1.1783295009116,0.916410309975995,1.51510780444509
"AKNA",0.212100214479358,1.33094983216591,0.849450824943094,2.08537964026479
"CD101",0.0173256598573576,1.24689900725648,1.0396895139022,1.49540522772209
"SH3TC1",3.2820377633242e-05,1.62509626671253,1.2922780613231,2.04362973815332
"FFAR2",0.00745113223833927,1.36561360310467,1.08695067047521,1.7157177079335
"ITSN1",0.967169921743665,0.989784074013753,0.606981098258317,1.61400827139816
"CFLAR",0.87871348961895,0.962615580032632,0.590099809519769,1.57029156758356
"MARCH1",0.381935864247774,1.09648804740155,0.89192564532318,1.34796666560565
"SEC23B",0.00517265980728535,1.92488977020922,1.21631570016713,3.04624911685921
"GNPDA1",0.276789192957703,1.15716337677851,0.889502089065397,1.50536698791158
"KLHL2",0.0393659431733659,1.44882855660304,1.01822683155309,2.0615290438052
"APOBR",0.0168178716109752,1.32188158116457,1.05155987632936,1.66169416878251
"ELMO2",0.853168918795065,1.05597450436197,0.5931482956711,1.87993822455628
"GPR132",0.00129788143376579,1.55899466495321,1.18941514493713,2.04341131496274
"RAB11FIP1",0.576347204611076,1.07470684357354,0.834694795786417,1.38373307879033
"WWP2",0.070649706112838,1.85808833691678,0.949161154681832,3.63741420596112
"ATP6AP2",0.207276073897256,1.38232469813529,0.83575028209993,2.28635468273326
"GLTP",0.00437917937480496,2.0504740661461,1.2512679226278,3.3601467918301
"IL10RB",0.246059511338839,1.25043543036374,0.857157222405581,1.82415632119483
"SNX8",0.000270296822935492,2.97957356681596,1.6557725285583,5.3617622511218
"NAIP",0.565975771112384,1.0722834787777,0.844915247848291,1.36083691445708
"BEST1",0.251247587135087,1.23525061755019,0.861014955870295,1.77214585850698
"OR52K1",0.562291795464206,0.883858327867379,0.582132017382445,1.34197316143717
"SLC9A9",0.0168373497584662,1.32649123146762,1.0521762354757,1.67232344528762
"IPCEF1",0.805690267396975,1.03477506702921,0.78805819049526,1.35873143920041
"OSCAR",0.313635546854084,1.07774677249154,0.931681027579195,1.24671220217287
"SLC16A6",0.860275180485893,1.03103053236658,0.733664912653793,1.44892298968881
"ARHGAP27",0.00253706054735683,1.73676285538221,1.21364808655695,2.48535407359523
"ATXN1",0.0606334945945146,0.789568931721789,0.616874280724293,1.01060964514246
"PNPLA6",0.000112469656438517,1.91583129040196,1.37740119211354,2.66473526689142
"GCNT2",0.999876287160112,1.00002462147249,0.732563093656903,1.36513735432539
"SEMA4A",0.239224104645892,1.14692299656462,0.912831422897922,1.44104631704365
"COLGALT1",0.174381724605871,1.37860279996267,0.867418621407041,2.19103629223689
"ACSS2",0.181937852301061,1.29776546482298,0.885085402419362,1.90286179964499
"RASSF3",0.116767799165269,1.30879550557639,0.935039555465949,1.8319499591259
"RAB11FIP5",0.150047824693896,1.22574147302504,0.929024374957434,1.61722576844383
"TOMM40L",5.6266566437734e-05,2.8054762847481,1.69828417272533,4.63449952056815
"RARG",0.000232334256635803,1.93765059825318,1.36242883884219,2.75573280150288
"AP2A2",0.312284234610571,1.27274588899151,0.797210381315491,2.03193803782609
"ASAH1",0.623576012612161,0.902443539743359,0.598949184337142,1.35972193254729
"ATP6V0A1",0.204603332126946,1.19323563390399,0.908197874452322,1.56773244913932
"CAST",0.125819636856614,1.20460812773849,0.949149099802454,1.52882275473436
"KCNH3",0.145082617508469,1.32739469875331,0.906887931601585,1.94288249394464
"PCYT1A",0.0612286794049645,2.00896732841368,0.967690499637757,4.17070305861677
"VIPR1",0.0903061218616955,1.29260006395057,0.960469040401128,1.7395822822433
"GPSM3",0.011446400337651,1.61460709670567,1.11378429117453,2.34062923798574
"RCBTB2",0.397416802016768,1.12831120905655,0.853099381193806,1.49230700730451
"NAGK",0.601861625587903,1.11519033599513,0.740411476166598,1.67967343231332
"GLT1D1",0.902099931601392,0.986773941999095,0.798150867000048,1.21997338206033
"SLA",0.0115987541070811,1.3573424475529,1.07067332804753,1.72076624276113
"NAAA",0.190952708605386,1.22332463160852,0.904361215700105,1.65478475670985
"AKIRIN2",0.157554128729286,1.34535754151522,0.891602707456957,2.0300374812391
"STAT6",0.00371409650060205,2.03100821927851,1.25849245955954,3.27772673999221
"TCIRG1",0.00449680949951341,1.35087228055264,1.09775738393165,1.66234902636656
"PTPN6",0.000171681335112741,1.82232633195788,1.33252901757662,2.49215830675606
"RASGRP4",0.00900206350430813,1.32451499879719,1.0726754078254,1.63548075143743
"LDLR",0.00268956864604811,1.40622329792329,1.1255492875536,1.7568879350635
"ODF3B",0.440818030772278,1.07555557779658,0.893715352577014,1.29439401213558
"AQP9",0.236738903226475,1.082880162978,0.949067424242252,1.23555968461094
"EVI5",0.970667918103246,0.993944024834193,0.71902851077931,1.37397155981039
"KLHL18",0.461895803910743,1.24956370097365,0.690233926424638,2.26214531481952
"TK2",0.011576550584976,1.7282559459278,1.1302023932115,2.64277321705852
"CLEC1A",0.749150519597734,1.14406150829466,0.501400164444494,2.6104433695421
"GMIP",0.0579744981310849,1.40749529420508,0.988514640655285,2.00406035655297
"NEDD9",0.0306170490527448,1.48228305671063,1.03746710515607,2.11781467507916
"CES1",0.338423026833539,1.0645786141501,0.936555574633588,1.21010184168638
"PIK3R5",0.00226351701624193,1.60892595606402,1.18564979832944,2.18331140927437
"PRCP",0.970233018338516,1.00899834947985,0.630304795798261,1.61521485484447
"CMIP",0.360528040395601,1.29970119807977,0.740995584589767,2.27966703097856
"SLC9A6",0.0247584707775411,2.15985900232174,1.10275703014185,4.23029804608016
"ALDH3A2",0.370266127340777,1.13563620642801,0.859809540718546,1.4999479911242
"DUSP7",7.67652790841165e-06,2.32615275323873,1.60702371906893,3.36708572947207
"SLC35E4",0.00399963694183189,2.07351861798105,1.26194096373271,3.40703692381661
"PELI1",0.0672137734130803,1.21740941862784,0.986153465338262,1.50289558842182
"PADI4",0.532120389259295,1.0545815146045,0.892638806849905,1.24590390022392
"IER3",0.107699495720054,1.15947496216457,0.968198606964661,1.38853968412661
"NCOR2",0.00121541602101156,2.02149312368587,1.31974677822959,3.09637766616948
"HRH2",0.742304073499441,1.02801213533878,0.871922720942161,1.21204428445432
"IQCE",0.0239586471251247,1.63126522226702,1.06668047695029,2.49467978732104
"CCDC88B",0.00165742973122099,1.44225965042436,1.14801265897006,1.81192505412647
"TRIM3",0.534473806097491,1.16898352494159,0.714268317980551,1.91317806934015
"PFKFB3",0.912878498216642,1.01667998282216,0.755933997947651,1.36736565662819
"COPS7A",0.0345381880698551,2.0349161697715,1.05304237308084,3.93230502765307
"NUMB",0.949918360367799,0.984671894093759,0.608070770886716,1.59451627251267
"SIGLEC14",0.286917503179359,1.09747738433392,0.924799303764713,1.30239783293658
"SH2B3",0.00502595199190114,1.64474365645644,1.16177376689807,2.32849266572485
"METRNL",0.176821575351343,1.15579557511397,0.936763050397238,1.42604195467206
"DNASE1L1",1.47118663837716e-05,2.75747060567791,1.74281329716448,4.3628563963499
"PIK3CD",0.60352416862751,1.1314763304688,0.709887902869586,1.80343781213347
"S100A8",0.0357453533267733,1.08762811256649,1.00561006367278,1.17633559366394
"TMEM154",0.325050834968208,1.1648308922352,0.859599018184171,1.57844643700459
"SFXN3",0.00026432565219141,1.70890730828486,1.28139917971869,2.27904327904326
"SCUBE1",0.250349026773041,1.10987864506682,0.929133874750942,1.32578376512811
"NPC2",0.176845760194459,1.24061626492542,0.9072890526728,1.69640393242193
"ST14",0.00444974367202922,1.29014303064218,1.0824335150169,1.53771018397244
"ABI3",0.000530079794097542,1.39378949666772,1.15513943831541,1.68174429561014
"DTX4",0.0484120660828881,1.24580861427401,1.00153446661467,1.54966120002386
"SRD5A1",0.321861873624939,1.23631874102024,0.812553149277829,1.88108806267793
"MYO1C",0.86208747165305,1.02692363264964,0.760955476069718,1.38585262930377
"S100A9",0.025596019847012,1.08918826072685,1.01047666771733,1.1740311332325
"MARCH2",0.00159953182672069,1.82843031066551,1.25695579742335,2.65972551128176
"TLN1",0.000867594765292792,1.78715050881951,1.26986355625897,2.51515757376573
"ZFP36",0.188664338922839,1.16022830019109,0.92962962061938,1.44802798739076
"SRGAP2B",0.204554071418771,1.52518111776859,0.794532615013391,2.92773059034038
"MRVI1",0.347685742986474,1.21425228128679,0.809745027973856,1.82083069568137
"PITPNM1",0.123289128409002,1.28885078779857,0.933358879881609,1.7797402360598
"PUDP",0.276500093585857,1.20393526045108,0.861847344763508,1.68180608800871
"MTMR3",0.107629678604047,0.538507043639342,0.253359003292328,1.14458074227025
"ATG7",0.591456218119852,0.900815865987027,0.615149348025321,1.31914181006424
"CUEDC1",0.000697927867825284,1.66686022853475,1.24056828948063,2.23963730576583
"NLRP1",0.323603104408328,1.11149305199364,0.901059625924526,1.37107109128604
"C9orf72",0.442608035321402,1.09470537262068,0.868925753156805,1.37915103619712
"GIMAP8",0.11907936915252,1.14162028849041,0.966472630347657,1.34850883736263
"MX2",0.015932507131259,1.38760541413365,1.06313470663848,1.81110519044296
"SIGLEC10",0.0689240881438949,1.19478991488834,0.986294175220419,1.4473602060966
"AGPAT3",0.00148544192316267,1.75013979738564,1.23919542399617,2.47175647285357
"CLEC4E",0.814013714135231,0.980252602740363,0.83017903688838,1.15745534695843
"DENND1A",0.511258853984309,1.15036958254863,0.757379688261772,1.74727444762912
"SCO2",0.0120609726799521,1.42929745947652,1.08145980990045,1.88901261883609
"ARHGAP26",0.597577771007136,1.07789547252179,0.815876676532616,1.42406160526704
"TIMP2",0.754929978918526,0.950085719590676,0.688866655653807,1.31035936659383
"PTPRE",0.385975345875462,1.12301690551446,0.863920265940004,1.45981871220378
"RNPEP",0.00916922600120709,1.6467347860575,1.13157064206316,2.3964349681851
"CLEC4G",0.780271064664826,1.04654546823051,0.760223353417243,1.44070477728759
"EPHB3",0.759768662444295,1.04410718005349,0.791764761229479,1.37687335534662
"LMNA",0.00877275884912455,1.21628587486796,1.05060973008369,1.40808835768681
"MNDA",0.548147148121005,0.963751720337812,0.854343805323602,1.08717049584304
"SGTB",0.136345231391759,1.32744635944527,0.9144268834508,1.92701447113494
"ZNF641",0.112350693562582,1.42454454787116,0.920385607688573,2.20486625596615
"CD300C",0.00169313487466029,1.26079311658522,1.09096306040747,1.45706059216611
"LYZ",0.254689208294701,1.05356564192093,0.963090736095962,1.15253996350937
"CST3",0.748004551955994,1.02255427936629,0.89246926389699,1.17160029655767
"SORCS2",0.15990767100706,1.22622758383992,0.922674917610728,1.62964664874986
"HNMT",0.007716310729606,1.24640272138599,1.05995311512483,1.46564949119985
"LRRK2",0.760717452475121,1.0252317264765,0.873319378829481,1.20356895593315
"SHISA4",0.00861477796657244,1.86730032523604,1.1718270552511,2.9755333681722
"CD300E",0.064551618546703,1.09370684408788,0.994605726207495,1.20268225819073
"DBNL",0.0260553469101151,1.77204532586297,1.07062061789588,2.93301341710026
"PLBD1",0.645829860537402,1.02359945955646,0.926674032636782,1.13066279695242
"F5",0.566714924062131,1.06001319005099,0.868395622512182,1.29391251401238
"CD68",0.213163931643175,1.2565349365893,0.877073953955816,1.80016752264542
"SMPDL3A",0.12663235656264,1.16902662333991,0.956750368389699,1.42840106597258
"PID1",0.225152910516773,1.18876417617952,0.898980163036537,1.57195934312329
"SMAP2",0.00452613440740901,1.51218905272645,1.13660432269782,2.01188371847648
"C3AR1",0.26731626413672,1.09183807782947,0.934837808416151,1.27520557840733
"KLF4",0.115965648897642,1.10809616217489,0.974980978292305,1.25938570286505
"NUAK2",0.127755941773054,1.24331522922565,0.939430318228518,1.6455001815775
"PTPN9",0.0389830656851778,1.92696755934149,1.03372975109977,3.59204518473429
"FCN2",0.284897554008693,1.45483637227539,0.7318267649185,2.89214465985147
"OSBPL11",0.577071502131068,1.09114313841325,0.803051801154184,1.48258598859395
"LILRA1",0.0065768249684248,1.20391498590195,1.05309613496963,1.3763333138822
"LILRB1",0.0141039929292583,1.20890510592236,1.03897064776062,1.40663411259512
"SPI1",0.0277345637972944,1.37485939450997,1.03548092151235,1.82546903125127
"ZNF385A",0.000733524065447018,1.42155636939177,1.15903059111308,1.74354544811248
"CSRP1",5.42620729171017e-06,3.05682334484614,1.88853120658648,4.94784991055877
"WNT5B",0.208273311982194,1.47606348354071,0.804837084226397,2.70708625402934
"VSIG2",0.0295266212297262,1.25297942219228,1.02267944990426,1.53514127284387
"ANXA5",0.0402612503326446,1.14411393828057,1.00599731193297,1.30119304320278
"IFI30",0.00902568353933787,1.28807550076015,1.06516204031343,1.55763952606713
"APAF1",0.855651516119435,0.967458580425304,0.677380143570478,1.38175899267582
"IL4I1",0.00268016733842494,1.54359162464497,1.16265623402554,2.04933757197037
"ASPHD2",0.141338331958681,1.37785466652915,0.898889761404732,2.11203148994524
"FOLR3",0.0869985534368783,1.21772163562037,0.971801815895581,1.52587282468845
"SLC7A7",0.0983056801127329,1.12085217681494,0.979046264737906,1.28319738047017
"FOSL2",0.562806817965077,1.0697885264113,0.851268707143377,1.34440216307457
"SERPINA1",0.423470243339065,1.04478281850612,0.938506549150734,1.16309378856585
"CPQ",0.00573380746072959,1.68147326160169,1.16298144513137,2.43112419490241
"MS4A7",0.189379260758707,1.10265513796361,0.952928389869083,1.27590736744089
"CPM",0.0776715578128333,1.18374035234132,0.981473213057846,1.42769176287093
"MTMR14",0.0102628748676812,2.101016547684,1.19187893602809,3.70362324579078
"MLKL",0.853709575085033,1.03668143182238,0.706873711170938,1.52036831204974
"NLRC4",0.406355859245173,1.08325927537679,0.896906492518895,1.30833109970504
"MYO1F",0.0312528435553545,1.33216356340474,1.02615237991505,1.72943102252526
"ESRRA",0.0105515088835709,1.85633099405663,1.1554351927851,2.98239553461153
"SRGAP1",0.0155016903288427,1.50338681673253,1.08065444547033,2.09148440576809
"FAM151B",0.834221283549736,0.966879399785542,0.705321338965178,1.32543242644727
"ATP6V1B2",0.717181766133237,1.06939165683276,0.743843735457722,1.53741768760049
"CYP27A1",0.252127714272224,1.09196793950698,0.939323096696186,1.26941835573408
"SRGAP2",0.0140237962278794,1.47211472365787,1.08132105235767,2.00414276119491
"DMXL2",0.294263213517075,0.916878208487977,0.779618044276826,1.0783045048424
"PPT1",0.104142707711813,1.34953291934663,0.940100020028389,1.93728226954537
"KCTD17",6.5876282090828e-05,2.07994129777436,1.45159698743469,2.98027334007673
"TMEM120A",0.289925706994966,1.2179931568281,0.845335093920366,1.75493403828783
"C5AR2",0.832467034997962,1.03311831148809,0.763916354047401,1.3971862755353
"STX11",0.0196019756972204,1.21058989991463,1.03109137871433,1.4213365915276
"ZNF503",0.0247276030755556,1.27271638167321,1.03115263705572,1.57087023779954
"HERPUD1",0.851363972149304,1.03141698171623,0.746298775908618,1.42546259556359
"RAPGEF1",0.179781473754407,1.34000828495849,0.873756519535156,2.05506014960858
"PEA15",0.00116775660644432,1.75128349128312,1.24866127250703,2.45622566693606
"AHNAK",0.263735647343632,1.12819444075414,0.913097780764981,1.3939610006304
"LAPTM5",0.00770875366675569,1.56502914447428,1.12574079286422,2.17573729101715
"CD93",0.0562195222134199,1.13983989499717,0.996534978343413,1.30375251693316
"EMP3",0.0105662863201561,1.33746540309755,1.07022572779155,1.67143590182061
"NCF2",0.00455560855491163,1.21676430225993,1.06252340181965,1.39339553812989
"TREM1",0.271848050553963,1.09864035939363,0.928926452242165,1.29936082278117
"ZDHHC7",0.00940985930503313,1.71255898628713,1.14103370209837,2.57035202038228
"MYH9",0.00410425221687708,1.83941009986765,1.21318785398333,2.78887519718079
"GUCY2C",0.403102698550717,0.726270028858575,0.343150891322621,1.53713182205412
"MFSD2A",0.00437593202045381,1.47181159319754,1.12825513922011,1.91998182908171
"TNFSF13",0.00288426219373943,1.51569227588999,1.15296078544554,1.99254224791767
"VNN3",0.176426480074609,1.15995018650107,0.935431580573441,1.43835686447431
"S100A10",0.44645169423318,1.05032281531875,0.925615240793387,1.19183216498631
"CD200R1",0.0667478576413641,1.27438330257928,0.983397096582344,1.65147203254619
"CX3CR1",0.0100724939738029,1.15244657433794,1.03439791341591,1.28396731033355
"MYCL",0.122710102377311,1.21059121502447,0.949741933093801,1.54308348281563
"CPPED1",0.222617490285949,1.17518897755573,0.906651848685118,1.52326290954063
"EHBP1L1",0.000363810900697027,1.75472895798863,1.28810003690904,2.3903995247081
"UBXN11",0.0122815624594202,1.33961410715311,1.06558098373822,1.68411972761375
"MVP",9.40038865225891e-05,1.70264199163201,1.30357735204225,2.22387244387677
"SCIMP",0.0346657074475802,1.16343274113724,1.01097283855373,1.33888438099535
"BASP1",0.0649662382871279,1.1321100014182,0.992332810901058,1.2915758112919
"UNC93B1",0.000192469585982477,1.60907027863421,1.25311342599772,2.06613951129168
"KCTD12",0.0444529419080655,1.11757312928489,1.00275987215378,1.24553218969266
"FBXL5",0.63369177321662,0.916418225043933,0.640011556123335,1.31219874884702
"ABHD6",0.0254576841410017,1.47484431676078,1.04887808004952,2.07380228460764
"ACSL1",0.269434430029734,1.10651464338055,0.924580144434343,1.32424935078467
"ITGB2",0.000380110768162044,1.36549050246455,1.14992487822748,1.62146619107412
"ITGA7",0.00400850780035824,1.37033253399376,1.10567841008128,1.69833401520767
"RINL",0.000116930018303069,2.12679817513465,1.44875200956068,3.12218409217444
"TMEM132A",0.864841936060752,1.06385440829645,0.521604594078123,2.16981639905242
"TNFSF10",0.559426768586405,1.05749275972912,0.876510482813446,1.27584433821029
"TAGLN",0.232264668633781,1.22086622800988,0.879967123405498,1.6938295841403
"CEBPD",0.80582338313226,0.980350210854573,0.836877382020287,1.14841977638644
"GIMAP1",0.028035156203126,1.32135022040646,1.03049668381365,1.69429599570058
"VMP1",0.699725555180307,0.937796627641645,0.67666452331398,1.29970241458626
"TBC1D8",0.978994468455656,0.996490698606572,0.767047866526035,1.29456550985102
"CD300LB",0.00316958790927135,1.23732991619856,1.07412583705182,1.4253314357674
"SNX18",0.915123763316988,0.980310248470243,0.680047980087406,1.41314761810229
"SELPLG",0.00025236015204397,1.71687817674757,1.28537323916053,2.29324104780427
"ERN1",0.964122163252135,1.00845437751718,0.69878402039775,1.45535702283903
"TNFRSF1B",0.00452528503248239,1.2116778410097,1.06125413030531,1.38342282820756
"SIRPB2",0.367221994198055,0.928612743284719,0.790529613541498,1.09081508424163
"IL10RA",0.127688960319494,1.1392410509344,0.963318155731991,1.34729130185231
"PTK6",0.0422547443183127,1.41208689199955,1.01214261581386,1.97006761636411
"SLCO3A1",0.282185686157633,1.22690774526477,0.845184737523257,1.78103383622597
"OR52K2",0.751419044243228,0.962112708136557,0.757597960457845,1.2218365300224
"ARRB2",0.0890423270682977,1.26014380619584,0.965330082244328,1.64499422684707
"EPB41L3",0.0354738465193442,1.22532967609473,1.01390888914538,1.48083603092185
"ARSG",0.836951906235775,0.953223013812566,0.604011001818226,1.50433371466197
"G6PD",1.33979393673688e-05,2.00797857324405,1.46708661417354,2.74828896375594
"OGDH",0.0792033907036,1.47207496326384,0.955922396869091,2.26692533260625
"IFNGR1",0.00604793022786501,1.4196288433361,1.10541892823521,1.82315138754614
"NRGN",0.000461125820916199,1.30923176148099,1.12598592030819,1.52229950157942
"PPP1R9B",0.0131707246901159,1.85297168662878,1.13787542925819,3.01746920898566
"HPSE",0.171093321540856,1.15890376932799,0.938279341871888,1.43140521870938
"ANG",0.86134346751253,0.955199354416832,0.571113699747387,1.59759047468465
"TMEM170B",0.428125307174055,0.916626188251077,0.739055483373642,1.13686128834649
"ADAP2",0.0549169198987598,1.17036336922067,0.996691980617794,1.37429661585572
"NRBP2",0.00166953587108413,1.50381175536562,1.16603878933488,1.93942930223255
"PECR",0.426930402199212,1.15208348133514,0.812455799148402,1.6336843793306
"BST1",0.687175925425362,1.03791882909785,0.865951134253374,1.24403728245554
"LILRA5",0.0129022712708806,1.15480977463313,1.03094666844892,1.29355441595696
"ARHGAP24",0.39554059931347,1.16011503221932,0.823576788885354,1.63417292248213
"VCAN",0.22954894933609,1.05172957148692,0.968664481227705,1.1419176742582
"TOR4A",0.00942767107802796,1.65742524783336,1.1318055579297,2.42714698908212
"CALHM2",0.0418031756392543,1.3233200535595,1.0104467232824,1.73307105045983
"IQSEC2",0.43730343669994,1.10501661610897,0.858889892169417,1.42167434150694
"MPP7",0.00897165187177472,1.34664938780998,1.07722882177955,1.68345344742374
"UBE2D1",0.257114491559319,1.17748476830989,0.887638761486137,1.56197592957803
"TLR8",0.068121671812071,1.10877221446481,0.992345010924969,1.23885927780632
"KDM7A",0.0530139966484066,0.785633281201594,0.615286455573833,1.00314194622722
"TMEM38A",0.994502643409802,1.00144184098004,0.664700347265806,1.50877875269781
"CDKN2B",0.402942051828545,1.14864740098047,0.830128864235695,1.58938076800156
"MARC1",0.574307303338641,0.946963903872378,0.782988636430291,1.14527924610187
"SLC26A11",0.256886624234,1.22587000129513,0.862086293640439,1.74316338301755
"C1orf162",0.0305598888407715,1.24423401826345,1.02070108789226,1.51672052726118
"SNX11",0.0668036758681061,1.66289096922431,0.965385483725959,2.86435462532056
"GPBAR1",0.0165699396082706,1.26764703912405,1.04411457401616,1.53903513636339
"SNN",0.0211032010809193,1.4429624110662,1.05658746313937,1.97062769755327
"PDE4A",0.0583786722062576,1.25825700348855,0.991886936268376,1.59616043818891
"UNC119",0.00349549634351578,1.57856457106461,1.16199469443928,2.14447287663637
"FAT2",0.0140190618256583,0.367017065418167,0.164968852616679,0.816527024171982
"NFKB2",0.00699699564759512,1.42224765740851,1.10104364577995,1.8371555085549
"CD14",0.0630600530866416,1.08845122265177,0.995396304449895,1.19020540743002
"TMBIM1",0.00081730001314421,2.17873704425043,1.38085555531824,3.43764783340796
"RBM47",0.0598592631244873,1.14122226128486,0.994530113475866,1.30955134691729
"SH3BP2",0.0130516978446598,1.45459532747955,1.0820511005039,1.95540447742257
"SETD7",0.188150334024493,1.19160333595091,0.917808818493318,1.54707438154743
"CDKN2D",0.0533270670667233,1.3088114998462,0.996149311173289,1.7196092221477
"B3GALT4",0.143690102115972,1.54667578531429,0.862029473596281,2.77508607089451
"SERINC2",0.00388293098924253,1.32769753463674,1.09532506297504,1.60936766907582
"SLC1A3",0.614461805126241,1.06547658854229,0.832472741740223,1.36369673601395
"PCSK5",0.792924461925662,1.0891999252515,0.575517282784114,2.06137419788468
"ABCC3",0.0668124720411912,1.30685607221785,0.981623375444774,1.739845276931
"ASGR1",0.181194605978108,1.44470580789867,0.842494662715235,2.47737459208286
"PTAFR",0.0402761846409073,1.15838253559946,1.00654065990448,1.33313054527691
"LPCAT1",0.019267620170271,1.58823197767818,1.07808399576846,2.33978133876435
"NCF1",0.0707671279218771,1.13733808292188,0.989162991506844,1.30770957463128
"CARD14",0.516872671750804,1.45734385267768,0.466636771168495,4.55140108144314
"ABCD1",0.000534784443622142,1.85527489923119,1.30762528919922,2.63228692512147
"BCL2L11",0.00138889226148489,1.63752765766988,1.21025067304621,2.21565407014768
"UPP1",0.0962627717524263,1.17584540911389,0.971515743103781,1.42314979036476
"FLVCR2",0.0326875051671369,1.37078072850285,1.02631865007726,1.83085419474093
"RASSF5",0.117470718293068,1.39477936830414,0.919572599046804,2.11555834554382
"FCGR2A",0.774250507037736,1.02403909036313,0.870600904083705,1.20451983644038
"GRB2",0.248042737655194,1.43762137236015,0.776530348275342,2.6615253542336
"AGFG1",0.709881996630723,0.916384144561912,0.578472470455082,1.45168515926753
"ZNF366",0.111812883424035,1.38123082399847,0.927626563244862,2.05664506036779
"SLC30A1",0.077187501812087,1.36503535756854,0.966634603273121,1.92763793175093
"PI4K2A",0.00815169975881508,1.48389273763409,1.10771142823944,1.98782607154545
"CSGALNACT2",0.475472531342657,0.855815769480553,0.558030264503875,1.31251058926483
"FTH1",0.00224862166006512,1.49398047071364,1.15478724378767,1.93280421036947
"CFP",0.230396252615803,1.11392660794995,0.933863451352843,1.32870869515383
"ACTB",0.0352959999396263,1.51557809900187,1.02905282956983,2.23212735845089
"PRKCD",0.00901805408970281,1.38307622008643,1.08426142908587,1.76424225676025
"PMM1",0.000585456508241101,2.19948978021457,1.4034054453482,3.44715442661549
"MAP3K6",0.00221060119671836,1.5278243861062,1.16462684889901,2.00428777422355
"FCAR",0.335263382945395,1.06649135719054,0.935599709839158,1.21569492059552
"NHS",0.654545366103368,1.15407731277651,0.616072173518474,2.16191300486566
"ADAM9",0.863765846410171,0.977569433468458,0.754405859902149,1.26674784495417
"FGD2",0.00411371692054365,1.24364708365393,1.07154769677483,1.44338704971893
"CYBB",0.736964768245677,1.01867106932907,0.914434539283238,1.13478953704155
"IKBKG",0.015775280580124,2.18878623136093,1.15876505262093,4.1343887233734
"SGMS2",0.0116212412950658,1.26318257191914,1.05355473594221,1.51452046634601
"SLC11A1",0.0684028752169178,1.12340114596755,0.991251114863272,1.27316894360849
"RCN3",0.369557053644692,1.11890111608064,0.875420756777329,1.43010055207652
"CREB5",0.137065814057358,1.17167553366217,0.950830156608601,1.44381575052173
"SHTN1",0.0720102234345872,1.20048734113655,0.983789351686036,1.46491711234646
"ARHGEF11",0.640766325162296,1.04277886405731,0.874540458983097,1.2433818791975
"MYD88",0.156700740166555,1.25483313874844,0.916541800174876,1.71798624547275
"RIPK3",0.0148700866087492,1.55203140200919,1.08962092169519,2.2106784339962
"FCGR1B",0.472863398788332,1.11339363397024,0.830383286213556,1.49285926721634
"GBA",0.0337770295048102,1.6078890509852,1.0370857186107,2.49285777818001
"FGR",0.00194303605844942,1.20647023192071,1.07141600432762,1.35854832728981
"PLAUR",0.887731261835842,1.01381926498623,0.837933129998427,1.22662473323992
"ZFP36L1",0.572181490298997,0.945330917004665,0.777788357388555,1.14896364050156
"MS4A14",0.23498240053046,1.10193265410191,0.938826737181302,1.29337557835401
"WIPI1",0.47822091582896,0.894819847974491,0.658179915717703,1.21654055556523
"ZNF318",0.296366724179487,1.20724714088043,0.847760171407435,1.71917212947661
"FBP1",0.222391896409216,1.09211297968433,0.947980391347195,1.25815973756587
"CIDEB",0.00877418066303231,2.0035873698543,1.19150275615822,3.36915909584903
"FCER1G",0.0656474777163189,1.13601188382424,0.991780437245219,1.30121844687165
"MARK2",0.035245370830621,1.89081535697971,1.04502317337625,3.42115161201608
"RGS19",0.00204912710249001,1.668504429903,1.20500101317487,2.31029435010271
"TRIM7",0.786528819746224,1.06015314665032,0.694660917056736,1.61794721245386
"SLC9A8",0.162214850436227,1.51305735437155,0.84652758929416,2.70439213862682
"TICAM1",0.000811576042334394,1.89873462137473,1.30462980117899,2.76338403365387
"CCR1",0.0261052045009314,1.16672341149371,1.01851534063054,1.33649780678296
"ZCCHC24",0.347886367509528,1.16665676005367,0.845606702413201,1.60959934671123
"HIPK2",0.46332007575949,1.11902086282756,0.828551818000162,1.51132091468429
"ALOX5",0.861479706624667,0.988295622044153,0.865872194643419,1.12802818082624
"CATSPER1",0.969458684534323,0.992433228972087,0.672724306358397,1.46408224685617
"CTSL",0.0227357489974827,1.22117340332822,1.02827696794744,1.45025564850778
"CCDC69",0.0482728233162169,1.39716927189196,1.00254251552068,1.94713136260886
"OGFR",0.00171205367847995,1.90158638613597,1.2725586553303,2.84154350669133
"BRI3",0.623637867901033,0.914211874752384,0.638939547994122,1.3080789169525
"CKAP4",0.935702903854795,0.993126109700007,0.839894582193149,1.17431340870473
"FGD3",0.150228692376393,1.35610682659594,0.89551080983522,2.05360527750469
"LRRC25",0.00507593366960895,1.19822480541811,1.0558571679661,1.35978873646796
"CD163",0.0156322205319769,1.1332702864575,1.02395570325117,1.25425498201697
"SPOCK1",0.0446412893462616,1.39215680718828,1.00794925900229,1.92281561645185
"RAB3D",0.0212020352768531,1.4046915420011,1.05209988920625,1.87544771025311
"LDLRAD3",0.061345269079553,1.14756475387393,0.993476536703422,1.32555205450903
"SUSD6",0.346877223551559,1.32237130126589,0.738757350470155,2.36703683191614
"SNX27",0.68606943483677,0.909384592356428,0.573736268275977,1.44139456147729
"SLC15A3",0.00705797554049786,1.27133011743414,1.06760365709306,1.51393286896002
"SATB2",0.315861890900831,1.33665620830138,0.758165205871716,2.35654420085973
"MCOLN1",0.00176392354383532,1.76030444911132,1.23501858015154,2.5090082071323
"TNFAIP2",0.00332637746228791,1.25369709749975,1.07805145332673,1.4579604780728
"PADI2",0.970847894769957,1.00316426090819,0.846811212277516,1.18838593510933
"TNFSF12",0.0789246649825098,1.21232038831022,0.9779994333948,1.50278279692963
"NAGA",0.0502373651395004,1.25202411002635,0.99976737884729,1.56792910556318
"FPR1",0.0730980298197815,1.11285998263607,0.99004131060554,1.2509148130347
"SNX21",0.111598043030821,1.56812476369985,0.900943646885542,2.72937745110835
"CHST15",0.0781613600928606,1.1365470490002,0.985679062958322,1.31050688112838
"POR",0.0410891003838857,1.50429428462271,1.01666227434395,2.22581416843542
"MAPK7",0.0105151355622817,1.55597934809256,1.10895103343087,2.18320886919616
"ASGR2",0.115277946890992,1.15521192055479,0.965338274532164,1.38243206200296
"C2CD2L",0.145429354458663,1.464099872589,0.876336333970883,2.44607960872971
"FZD1",0.0539515849651213,1.44291876706257,0.993790555487849,2.0950235005195
"KIAA0513",0.0182561110183296,1.27908680025048,1.04264066006271,1.56915330970942
"CD1D",0.0128016425538662,1.17876131186396,1.03558790853502,1.34172890480427
"MAP2K1",0.0423433599644146,1.47452356460929,1.01351217365246,2.14523298201017
"GLIPR2",0.0890250802770829,1.20517501459138,0.97193394855661,1.49438839743414
"STS",0.130664093532548,1.19485576573483,0.948548669928447,1.50512076625172
"PLEKHM1",0.131316106561269,1.55387573112601,0.876565067017056,2.7545357197487
"FPR2",0.149749103725668,1.12938471717845,0.957062733580665,1.33273378498835
"TLR5",0.114953462068673,1.1505507772373,0.966443544470261,1.36973038784895
"FRAT2",0.0792621040245622,1.31797394555344,0.96826671529506,1.79398433687599
"HDAC4",0.569498581708625,0.901948710846827,0.632041080343962,1.28711804073801
"CD4",0.00390186073214249,1.26763107957183,1.07906408591926,1.48915025054097
"TSPAN14",0.0410648711750177,1.40611278417791,1.01392872125901,1.94999226313807
"SECTM1",0.0190337095457635,1.19203386760505,1.02925416379717,1.38055768098643
"TFEB",1.849738757843e-05,1.71792615624422,1.3410510628086,2.20071432039815
"RPS6KA1",0.000258620003775764,2.46920678057051,1.52043999158873,4.01001168013515
"IL1RN",0.00511067005896318,1.26835389020351,1.07392213554898,1.49798717946345
"ABHD5",0.880837733041985,0.973613508176102,0.686352183837137,1.38110329598355
"TBC1D9",0.0673244527306482,1.21976255791864,0.985933662556057,1.50904746861266
"ARAP1",0.00139705742234673,1.59487487758429,1.19777317776333,2.12362901622106
"FCGRT",0.793952095152836,1.02532480666311,0.849874506936121,1.23699552178445
"SIGLEC11",0.11129319127261,1.33588627907656,0.93534131133758,1.90795822764736
"ITPRIP",0.192934312624397,1.27280068761576,0.885223872504054,1.83006993000829
"FXYD6",0.00588324661198782,1.35289895703837,1.09107341173477,1.67755493651461
"LFNG",0.0091991891910721,1.28960545313863,1.06496844832125,1.56162581847986
"C19orf38",0.0985037458007438,1.15391651678838,0.973680041117775,1.36751630051743
"C5AR1",0.0392952158106961,1.11902282113309,1.00553240398988,1.24532244734031
"MLX",0.0350067692446447,2.08080057781968,1.05290042615195,4.11219421809776
"VPS37C",0.00872262861148128,1.81000319306318,1.16175988808545,2.81995582090362
"RNF19B",0.0508685947339799,1.48941800105302,0.998495937028698,2.22170756994979
"ADAP1",0.052139382038489,1.30755812488767,0.997519894269561,1.71395904962047
"CEBPB",0.00595273587020399,1.30532654632774,1.07958211009519,1.57827494232714
"TYMP",0.074338868771751,1.14605776421758,0.986686587759388,1.33117082487766
"SCPEP1",0.159622141574837,1.11249437438595,0.958902438149021,1.29068785707692
"ARHGEF10L",0.0225249105630925,1.23479014725775,1.03016044997978,1.48006721457298
"LILRB2",0.00462382609591376,1.21005598549781,1.06047489335767,1.38073564702983
"LRP1",0.234775891700036,1.07410210628524,0.954625085350373,1.20853238871568
"PPARD",0.0492587017411915,1.35719306233965,1.00099170426459,1.84014812571912
"ANXA2",0.231949661477685,1.0955709608372,0.94328680566278,1.27243985924979
"EHD4",0.021013529902198,1.39612384053177,1.05157458654372,1.85356493304733
"FLNA",0.00229484605354107,1.58616154573705,1.17914261503061,2.13367612798019
"RRAS",0.00946695425991628,1.33590914033593,1.07341849106701,1.66258849282453
"ACP2",0.0171456632368451,1.57216102997479,1.08373032239535,2.28072450598989
"MAFB",0.0140408407754793,1.14592048293422,1.02790160165045,1.27748974327869
"PPFIBP2",0.0555430899149141,1.39506092467674,0.992143109211027,1.96160711644469
"PLPPR2",0.154789590469625,1.22170477972605,0.927188572424719,1.60977239495332
"CAPN2",0.0964392550975633,1.19424438821397,0.968721100837697,1.47227066443297
"SLC37A2",0.168984217943471,1.1446700643687,0.944201343263784,1.38770143212536
"SLC8A1",0.0154737177437798,1.33476036707303,1.05653747542209,1.68624897739398
"EXT1",0.617296409229593,1.11025080628412,0.736650815001837,1.67332585229198
"DGAT2",0.0697740837487781,1.4121164952806,0.97248916427399,2.05048351128132
"HMOX1",0.0206465158905613,1.18091482723673,1.0257924013135,1.35949518382263
"PKM",0.00606010006165782,1.54930022469208,1.1333192543127,2.11796559274607
"MTF1",0.427636679778869,1.22330586893209,0.74344889679416,2.01288515648713
"CDH23",0.0251288884180627,1.46634211951356,1.04892425427814,2.04987081068044
"MOB3A",0.00825217874746018,1.62208031810086,1.1329359012353,2.32241255264424
"SLC6A12",0.653378646776767,1.11184004322727,0.699990928310232,1.76600614626215
"PLBD2",0.0110696269335941,1.54858353999565,1.10510118196419,2.17003747664361
"ARAP3",0.745603476781743,0.966343224080074,0.785795898396108,1.18837376045293
"SLC24A4",0.92129861488093,1.01025109171453,0.825201374121124,1.23679782937515
"SLC43A2",0.0142811300594161,1.28112959364044,1.05080993883085,1.56193139696363
"CDC42SE1",0.0323243423727988,1.51083647308122,1.03539547844668,2.20459418252141
"HEXB",0.375272495086393,1.13598327534619,0.856977552073216,1.50582474271858
"SLC22A15",0.926095633253524,0.993620613715781,0.867945074435759,1.13749355008754
"AP1M1",0.166880346550741,1.57170261779607,0.827820578024907,2.98403927657945
"FAM20C",0.146446754922244,1.16584263801017,0.94776152840263,1.43410448290016
"FKBP15",0.462143877346061,1.13945552554967,0.804587343882382,1.61369539873781
"MAP3K3",0.275593332820882,1.23579405395986,0.844609800504625,1.80815678777361
"PLD3",0.0343096169227999,1.28426155064104,1.01866621743544,1.61910516146026
"SIGLEC9",0.102017552696984,1.11849498723328,0.978000577933066,1.27917208301648
"AP2A1",0.0179002589480244,1.7820579839456,1.10460867510482,2.87498254333636
"ITPK1",9.95253836378057e-05,2.24257922212218,1.49315170532722,3.36815177557058
"DOK2",0.000178796765520814,1.43011581836845,1.18605645927466,1.72439620218286
"ARHGAP31",0.0447044385312938,1.34622088250184,1.00705376464726,1.79961659258463
"TUBA4A",0.0176306185381642,1.26541543411875,1.04184834026276,1.53695711652437
"GSR",0.395931532091322,1.20468901667271,0.783701624384158,1.85182163943106
"CTSZ",0.0289162503532365,1.27528336667714,1.02532222689853,1.58618200469805
"ADCY7",0.0306037376074072,1.30603812387342,1.02528600351888,1.66366806447817
"CYP1B1",0.361871763843777,1.08679577747014,0.908753980564793,1.29971927186811
"SLC31A2",0.323844804372054,0.827799936990133,0.568689525418059,1.20496809779839
"CDA",0.0964901659187594,1.10650406695528,0.982027396182201,1.24675875128172
"CTSH",0.204906440575461,1.15384695171395,0.924829988389886,1.43957571088008
"KCNE1",0.000703297007655473,1.62742378842963,1.22788487349464,2.15696784309169
"IL4R",0.366617609000872,1.13659187799739,0.860778922960064,1.50078151621933
"SGSH",0.200174550907432,1.14420415599736,0.93109798030075,1.40608526524646
"MCEMP1",0.349543097387313,1.07403184066081,0.924765259203062,1.24739157669843
"ACVR1B",0.025953361320517,0.669679189121137,0.470551727413844,0.95307314842247
"GLB1",0.652372703885718,0.886519281818939,0.524906915314964,1.49724915810109
"FCN1",0.153791890572518,1.07374942931943,0.973724994426549,1.18404872378037
"PDK4",0.0279696609125918,1.20506054398896,1.02038369531541,1.42316162179571
"SIGLEC7",0.126942419774836,1.15495369003779,0.959891496158605,1.38965500941525
"MSRB1",0.128322177480195,1.20909585909026,0.946638785400488,1.54431956414159
"MEGF9",0.23299771803407,1.11605200088541,0.931800172213352,1.33673732397113
"SLC31A1",0.23816294048825,1.23889895102338,0.867862566818688,1.76856413622399
"CNIH4",0.216394994694916,1.28160988648535,0.864784027533061,1.89934578905506
"THEMIS2",0.0409479878097922,1.23788711216903,1.00881815604828,1.51896998808659
"SLC46A2",0.489504610626064,1.110193899247,0.825366583866132,1.49331281156539
"PTPN18",0.242432480179836,1.22165774206284,0.873292281208308,1.70898984321388
"TPP1",0.168486752218608,1.31361645621941,0.890954396842878,1.93678621505782
"RARA",0.0647833109584172,1.34098178799696,0.982174030042798,1.83086917464227
"APOBEC3A",0.219140422307031,1.0925022496409,0.948721365360017,1.25807345449368
"ATP6V0D1",0.0171335930713741,1.52497911324955,1.07791826870374,2.15745605522022
"NINJ1",0.0112621295558924,1.29537501537941,1.06041797091262,1.58239154418052
"PILRA",0.803702200300935,1.02351953931868,0.852088843823589,1.22944016338279
"HK3",0.0228509929607476,1.12919469054391,1.01701088335469,1.25375319971661
"KCNJ2",0.313816951396644,1.22449296267821,0.825667427810301,1.81596483662298
"NOD2",0.386044623984083,1.07924672927508,0.908303336199796,1.28236180164678
"MGAT1",0.0191024644234997,1.72626984714087,1.09347090274974,2.72527378428997
"RAB39A",0.345183272718572,1.15837451023827,0.853650032145258,1.57187542369989
"NADK",0.0235514736347677,1.38474194314935,1.0447311467477,1.83541024414402
"TICAM2",0.578157076577043,1.54349292400229,0.334270531002223,7.12707279131731
"HVCN1",0.346073115853703,1.1211427490525,0.883812169346668,1.42220384302036
"FRAT1",0.112831780631235,1.2904632887881,0.941568748936038,1.76863930710483
"LONRF3",0.307441279324586,0.880079170109034,0.688623261729085,1.12476500389341
"TLR4",0.119432719536378,1.12822510229999,0.969273410965163,1.31324337081766
"CCND3",1.21328676901476e-05,2.05971444905098,1.49015021508778,2.84697714946777
"GNS",0.28428464303896,1.14971100379555,0.890600502723752,1.48420687862399
"NFAM1",0.932479477280462,1.00535715010282,0.88847067679902,1.13762111193625
"PLD2",0.0790577363908031,1.24770529478324,0.974646915544552,1.59726407358539
"CR1",0.362622635543955,0.924341034808318,0.780318879291923,1.09494511962317
"NCEH1",0.349668361158908,1.17207344162628,0.840323369358058,1.63479465484235
"B4GALT1",0.00980138862008273,1.674733972017,1.13240368165857,2.4767968547399
"RHOU",0.473491117393132,1.07569891311722,0.881128472966741,1.31323432074047
"BCL6",0.148535588787454,1.12557702030507,0.958688993268183,1.32151681883807
"TADA2B",0.590744556033751,1.16407021874969,0.66912138542004,2.02513251512551
"HSPA6",0.0551939888036488,1.29737751862596,0.994229871444455,1.69295700539621
"PFKFB4",0.590818267914417,1.07992748345477,0.815938025318786,1.42932837217055
"LILRB3",0.0199939466295624,1.19533447233857,1.02850698395093,1.38922197229252
"S100A6",0.00171530825539081,1.31235178251201,1.10728564943223,1.55539557651231
"EFHD2",0.00226875856287303,1.55452183550555,1.17105967429721,2.06354824617609
"S1PR3",0.555640127224456,0.92624094731465,0.71788718173697,1.19506562355181
"VDR",0.000978827956928226,1.40768066839128,1.14871104729015,1.72503334832297
"SIRPD",0.277978455981496,1.14127787558906,0.898889411528299,1.44902718021177
"CTSD",0.000972662851318126,1.37845030640122,1.13909649634432,1.66809857928247
"AATK",0.586223514097635,1.08197953175998,0.814711506483864,1.43692546113651
"SLC16A3",0.0225509160198419,1.32048467456271,1.03989752257262,1.67678039220756
"DEF8",0.961582756614657,1.00981930524205,0.678525615845502,1.50286887543494
"APOA2",0.34337962216881,1.1219469952626,0.884305503492435,1.42345044241777
"SIDT2",0.0536823186828565,1.34801536360051,0.995279083422767,1.82576470335722
"UNC5A",0.454188360562498,1.10407922514632,0.851913958675159,1.43088503596702
"CRISPLD2",0.275743983474402,1.11886652640609,0.914245548925302,1.36928454875563
"PPP2R5B",0.0707635644417449,1.54284869634929,0.963956304682297,2.4693879673428
"MEFV",0.0331027482234253,1.16031104353728,1.01199461183264,1.33036451183915
"TMEM127",0.0267897757825066,1.73354864164693,1.06529499710668,2.82099409188811
"PTPRJ",0.854722180157098,1.01662597176754,0.852126167376933,1.21288185487106
"HK1",0.00552252111642285,1.57180188045814,1.14202713926682,2.16331211970832
"IL17RA",0.969502173286643,0.996590929171428,0.83654374618792,1.18725826907761
"PPM1M",0.00788490874041624,1.4412723466712,1.10063556166896,1.88733314606811
"PLEKHO2",0.0205796091424609,1.51023961461226,1.06536628825999,2.14088217233656
"KCNQ1",0.00402838558844691,1.3416572422631,1.09812826282233,1.6391929947151
"KLF13",0.00647166354824175,1.85773522504418,1.18950266979422,2.90136395151346
"ITGAM",0.00556944477097512,1.2244546216431,1.06112017193937,1.41293056159979
"GAA",0.285030092172286,1.13271501511582,0.901365622008956,1.42344379920901
"NPTN",0.155390182081065,1.41178626974184,0.877320277619918,2.27185045447572
"SIRPB1",0.24582982485422,1.08101388053573,0.947754029710834,1.2330108585953
"AP5B1",0.75038106561375,1.03647459634192,0.831200018384361,1.29244413510754
"CAMK1",0.34095775506104,1.13206599381735,0.876987382462558,1.4613362061824
"S100A11",0.144355483952516,1.12363038285347,0.960845066415108,1.31399460891439
"TMEM150B",0.354579383474866,1.09587631495229,0.902774445188345,1.33028233583069
"TM9SF4",0.121549733546513,1.90485838964837,0.8425391346176,4.30660765242748
"RIN2",0.976776018304758,1.00352564727149,0.791809204332283,1.2718515006161
"LGALS3",0.193577902950765,1.10727658502334,0.949590126864093,1.29114804488318
"PRKACA",0.0633420278640484,1.41526650605301,0.980884697294968,2.04201297938403
"SIRPA",0.145093490986879,1.19226286546659,0.94111312211268,1.51043557567187
"RASSF2",0.27103927863325,1.19157700553785,0.872110857714267,1.62806797733019
"IQSEC1",0.0897470504160381,1.25581312132998,0.965278912654522,1.63379368908784
"PLEC",0.0101917830634106,1.29956265598404,1.06411023310712,1.58711291770679
"PNPLA1",0.408429402756777,1.16623784121627,0.809913740976374,1.67932785119208
"SLC36A1",0.0420352239956808,0.781027464518774,0.615456434820324,0.991140665400158
"SLC12A9",0.388122396442795,1.13371882520619,0.852553958226315,1.5076094154802
"IGF2R",0.0118365452306703,1.24933429193597,1.05049820953954,1.48580564805655
"AGTRAP",0.11798927217023,1.19804072575993,0.95518408242191,1.50264394789758
"LRP10",0.00573094330229855,1.58656330201573,1.14353647311565,2.20122678242591
"MYO7A",0.000491101787509479,1.53784767835567,1.20728627217284,1.95891855671274
"IFNGR2",0.548904045346175,1.09500030745511,0.813832870865513,1.47330700964636
"TFE3",0.00183050506089079,1.94921989569741,1.28104375624472,2.96590821606315
"RASSF4",0.382339317979908,1.08225013653015,0.906382237769497,1.29224217908536
"SPRYD3",0.000745844521917148,2.84875662557845,1.55024372932714,5.23492800406261
"NLRP12",0.058618602346243,1.15528482343457,0.994752945338323,1.34172311779816
"MICAL2",0.280144486558101,1.13853532393882,0.899682800339727,1.44079967224781
"HS1BP3",0.0441455717777561,1.70226990117651,1.01403743262615,2.85760931817575
"TPD52L2",0.031895781249342,1.66516691709834,1.04513205234347,2.65304356093709
"SLC35F6",0.722385483286783,0.940450498348592,0.670248568666656,1.31958079612698
"SMCO4",0.234796629359612,1.13938652117487,0.918718380577115,1.41305722415118
"PDXK",0.222944245167811,1.24447067920388,0.875449187192884,1.76904301706428
"NACC2",0.227033143872419,1.13999291087977,0.921683835307155,1.41001044726257
"NPLOC4",0.119715764557537,1.73676329320491,0.866468951598971,3.48119425520976
"PSAP",0.162352812323586,1.15931356055618,0.942196094310572,1.42646306836252
"MAST3",0.0658776011537658,1.37581755917761,0.979278903733661,1.93292630825045
"NPL",0.758038263424082,1.03248000002709,0.842484888666089,1.26532233966091
"CTSB",0.125090139466151,1.20337788927303,0.94985508091923,1.52456766666953
"SMPD1",0.116878495127242,1.44898053381929,0.9114639843928,2.30348606564627
"JAZF1",0.905367817421574,0.984988109898904,0.767593472137445,1.26395235480649
"TBC1D2",0.0420473216814584,1.31583632521043,1.00991603139601,1.7144249431806
"SLC26A6",0.282258570403759,1.19645626220737,0.862795491936032,1.65915051800175
"EXTL3",0.267007055508326,1.40892698300343,0.769106907632342,2.58101341144639
"NHSL2",0.340756279712674,1.08958618324468,0.913276068370081,1.29993338469549
"GRN",0.619569816866823,1.04267441100399,0.884096764985341,1.22969562882694
"TMEM63B",0.300374433213139,1.21023417718062,0.843405496885199,1.73661040747925
"ZBTB47",0.0112641017017807,1.67901592429658,1.12463019028525,2.5066857518083
"RXRA",0.127061175741974,1.19172690130802,0.951313463183025,1.49289699164908
"KIF1C",0.264406148665425,1.20347639715336,0.869309855965473,1.66609803002483
"PELI3",0.00626022160832273,1.71247239412377,1.16447973905944,2.51834497610466
"TOLLIP",0.045977410854077,1.74284743776313,1.00996962929042,3.00753320023257
"DNAJC5",0.047451997622302,1.54406525485213,1.00489460182182,2.37252494631702
"ZBTB7B",0.0409386599948174,1.26589957540012,1.00975783681478,1.58701589289289
